43;31;17;6;5;21
46;44;47;41;21;28
40;22;3;42;8;16
39;42;48;32;23;4
22;8;46;30;36;28
42;47;34;15;35;41
39;34;28;5;37;17
37;9;7;42;45;24
34;30;7;31;16;45
30;5;22;23;11;47
21;34;19;6;4;25
18;25;47;31;46;36
42;23;26;27;1;48
39;43;33;16;20;9
39;2;45;44;38;19
39;16;13;1;35;31
2;48;15;26;43;19
38;29;18;44;40;23
12;15;43;45;21;1
7;8;43;15;9;16
7;41;33;44;14;22
24;34;25;48;43;3
43;33;28;44;19;47
21;25;42;43;18;47
30;43;33;38;31;29
41;3;17;34;9;35
21;6;11;25;18;12
7;35;29;5;26;19
22;30;20;8;14;13
1;13;19;40;18;21
40;7;12;1;15;25
13;4;32;15;17;18
22;49;31;5;4;24
49;20;8;7;34;27
41;31;44;13;46;9
49;21;30;31;23;15
49;31;18;10;41;20
26;1;46;39;44;4
18;1;11;23;39;16
9;20;37;40;16;19
9;18;21;14;41;10
9;15;28;19;33;21
13;34;48;15;7;23
10;11;47;23;18;6
48;14;38;12;4;39
43;9;38;47;23;10
42;6;22;29;41;19
6;10;39;40;37;46
48;4;13;24;30;45
4;47;15;25;22;43
31;46;39;16;25;32
8;31;3;33;40;45
11;13;41;38;20;36
40;32;37;9;6;49
7;48;32;34;3;13
26;22;34;10;49;3
39;42;35;30;13;6
30;6;27;34;49;22
1;24;15;23;27;7
19;33;44;37;47;7
23;43;1;49;46;26
35;12;30;21;15;31
38;49;14;46;40;21
45;17;29;46;10;33
1;16;30;38;29;48
32;7;2;26;12;15
30;9;18;11;34;6
34;38;37;27;3;18
29;15;21;32;44;3
46;25;13;18;1;44
6;2;5;7;1;22
41;36;30;4;43;19
11;37;10;23;1;28
30;44;47;38;49;12
18;11;5;2;9;20
39;37;3;24;12;36
22;44;12;47;10;11
20;23;44;25;31;4
34;41;40;5;45;33
8;43;35;25;34;42
29;40;4;7;34;16
49;18;31;9;27;34
6;24;25;17;29;20
7;49;27;4;47;39
17;18;15;43;23;27
10;41;23;32;43;31
41;48;27;30;34;15
21;17;18;38;7;36
44;42;15;41;31;5
14;2;17;47;28;24
11;32;48;1;46;15
37;40;32;46;11;1
30;48;28;42;36;35
19;39;36;1;11;47
12;41;22;46;18;10
10;34;40;11;12;48
45;26;41;18;38;35
3;5;46;37;39;10
37;17;26;38;45;43
40;7;49;48;11;6
39;32;35;27;31;7
25;48;43;6;30;39
15;46;5;48;42;18
4;31;35;40;32;2
33;34;17;26;3;2
45;19;33;30;23;17
2;13;28;49;41;27
20;39;7;28;25;33
34;42;47;40;6;17
24;7;42;5;15;48
35;17;41;30;14;18
5;42;31;37;9;30
39;14;43;23;6;19
45;6;27;29;22;46
14;26;40;32;39;7
26;48;10;49;6;34
18;12;47;6;25;2
15;49;14;38;37;36
11;25;48;6;49;27
19;46;42;22;5;45
47;17;2;21;39;22
5;33;46;14;26;15
49;23;46;34;16;42
35;6;13;42;11;2
37;20;26;42;39;25
15;32;36;18;39;25
39;43;6;46;21;40
41;29;6;27;3;31
15;22;43;44;32;6
39;25;7;34;45;42
41;6;16;32;14;20
33;43;44;35;26;5
13;21;49;9;42;34
26;45;48;10;20;30
46;45;47;9;36;34
42;18;41;16;24;49
23;5;29;14;20;38
16;29;3;8;5;35
23;42;39;36;47;38
15;11;24;20;3;13
18;9;14;13;11;39
38;7;23;13;36;20
21;24;8;29;25;33
14;18;16;9;23;48
8;2;40;21;24;16
8;27;26;42;33;16
48;22;24;27;28;38
18;36;10;29;41;27
30;49;7;32;15;36
12;10;32;15;47;39
4;5;31;43;6;39
27;1;3;12;39;31
13;31;4;17;6;11
24;7;47;32;45;29
25;12;20;35;28;13
46;43;33;27;28;11
40;16;39;6;4;7
42;46;41;31;1;15
27;44;34;45;31;10
32;42;11;8;43;24
6;44;33;10;2;19
5;9;30;29;6;31
26;29;49;14;47;39
32;25;34;21;11;22
17;32;45;28;40;9
30;32;29;40;26;25
15;7;2;33;14;21
33;32;17;29;6;14
30;35;23;25;7;15
23;12;49;10;17;34
21;48;41;34;26;16
8;47;18;13;10;36
22;25;15;47;11;45
43;7;47;37;5;44
15;13;45;10;21;6
5;10;43;23;34;28
31;4;34;39;18;16
23;18;44;19;20;45
38;48;10;18;15;20
48;17;34;10;1;12
40;5;1;42;41;13
7;29;21;37;20;18
37;46;1;31;6;48
32;1;12;24;7;11
37;10;43;42;21;6
34;27;8;24;26;37
10;22;11;3;43;20
13;49;5;44;17;12
32;37;43;40;24;30
5;33;7;22;2;35
42;23;12;35;19;8
2;26;18;5;47;25
40;36;25;30;18;48
29;19;26;33;23;16
16;8;26;17;39;15
7;40;29;38;37;27
21;19;37;35;48;22
46;20;22;21;2;16
46;11;10;3;6;34
20;32;6;23;8;37
9;11;17;4;45;36
44;42;15;10;6;40
17;31;18;49;42;37
28;22;29;21;31;18
8;42;44;46;29;30
40;43;15;27;22;24
5;36;34;14;30;4
21;4;24;39;12;45
16;3;34;31;43;33
23;36;20;49;42;27
1;47;7;44;41;11
2;35;11;28;5;8
29;33;45;7;36;43
17;28;9;40;6;44
40;41;12;16;32;44
6;42;20;27;14;36
13;32;21;48;29;37
48;15;9;33;26;27
10;32;45;8;40;23
7;9;45;37;20;22
30;26;31;45;37;3
18;40;47;33;1;13
25;40;48;31;21;13
25;8;15;29;37;14
23;43;24;9;32;35
30;41;25;16;37;28
46;2;32;33;4;37
46;27;17;47;9;5
27;11;36;21;24;8
43;7;26;41;9;2
47;38;49;36;20;8
47;3;19;43;7;37
26;18;28;45;34;16
4;27;28;23;22;45
12;41;4;38;25;36
5;28;30;29;10;25
40;48;46;9;22;39
39;2;13;3;9;29
25;46;4;40;37;47
33;38;46;7;18;8
19;34;28;17;1;36
48;9;46;37;24;36
48;35;14;37;40;26
44;45;8;28;7;42
9;36;44;12;47;37
27;4;40;18;39;17
19;9;6;15;37;36
2;48;39;29;40;9
31;20;26;10;46;19
13;20;28;1;24;36
29;13;44;21;43;26
15;8;2;21;49;1
22;28;45;32;35;24
1;43;45;24;37;19
32;47;8;21;19;40
40;9;11;1;33;12
40;32;9;21;4;33
44;1;16;18;7;41
16;29;37;31;40;41
9;7;10;18;35;36
40;33;49;15;7;29
30;10;18;16;49;7
15;20;10;32;14;24
31;45;33;4;21;37
40;6;34;33;31;11
49;36;37;44;5;1
9;33;39;36;35;49
18;16;49;3;15;9
8;40;33;44;23;34
6;45;37;10;2;27
6;26;10;22;19;27
23;11;19;12;32;34
9;12;8;46;37;35
27;13;11;49;5;35
33;20;21;10;18;34
23;8;31;28;38;20
29;48;36;18;12;5
14;2;18;13;42;11
43;31;18;9;10;40
29;9;31;45;30;49
48;38;23;25;13;27
1;19;13;44;27;24
37;39;49;9;1;41
21;17;34;7;4;15
29;21;40;12;23;38
18;12;34;16;19;5
33;29;7;18;45;40
35;46;19;27;49;24
46;11;10;41;16;19
49;23;30;11;33;34
19;17;6;11;23;26
7;39;31;21;9;6
18;1;32;40;10;48
6;43;23;3;11;39
28;35;37;4;29;49
39;40;32;31;14;46
4;39;18;47;23;27
2;49;11;6;5;23
25;47;33;5;28;41
1;42;43;15;24;30
32;5;7;9;13;45
28;10;26;34;45;9
6;40;45;5;35;36
25;47;21;12;38;37
16;8;23;40;2;41
46;4;47;18;39;37
39;48;13;15;41;4
15;22;17;32;36;49
17;6;45;1;21;3
35;14;41;6;25;28
37;26;48;1;3;43
38;37;4;20;32;16
21;30;20;35;28;6
31;22;18;36;20;39
7;3;31;47;48;42
31;20;33;26;19;30
29;15;26;24;8;4
38;37;26;10;45;6
3;33;46;42;14;43
26;29;14;19;8;1
16;25;34;40;14;23
9;2;46;40;4;24
27;20;29;45;28;40
37;10;47;25;27;6
26;27;46;12;48;18
2;6;40;34;43;20
21;38;18;28;34;47
40;37;38;20;13;4
35;38;43;12;22;20
21;40;36;49;16;23
32;41;48;10;49;6
22;33;25;26;23;13
13;8;3;6;23;5
48;30;24;44;3;49
5;42;39;35;21;4
20;1;49;19;25;37
1;24;14;47;6;48
31;24;3;21;10;16
17;44;3;16;42;49
43;23;19;37;21;36
8;19;43;44;41;40
27;21;20;35;12;39
13;49;25;12;3;18
25;34;6;11;39;3
3;34;37;48;25;15
8;45;25;10;4;32
15;17;31;10;29;30
17;3;13;31;43;12
5;6;15;4;14;18
44;17;15;29;35;10
19;20;18;22;49;6
46;16;27;2;3;12
33;38;46;17;13;49
38;28;49;44;47;8
19;34;15;14;35;47
48;14;19;10;25;38
27;9;30;5;45;47
1;43;42;36;32;13
41;47;28;8;43;24
13;20;19;37;46;8
33;1;12;13;43;3
23;19;33;2;16;24
20;34;23;6;41;35
30;7;32;45;42;6
9;8;6;49;23;42
5;8;25;35;41;16
40;6;31;42;44;22
34;17;1;11;37;15
19;27;36;7;4;17
18;33;44;41;11;23
47;35;29;3;1;6
22;6;5;13;29;43
5;11;42;12;30;35
42;21;7;12;2;10
10;15;1;13;5;7
4;41;34;2;6;37
9;30;1;37;40;18
6;9;3;7;42;33
37;6;20;42;12;36
38;39;35;8;37;24
46;8;10;29;25;35
47;15;24;33;34;6
24;26;35;34;27;1
34;45;29;26;27;21
33;28;11;44;30;23
23;42;1;35;28;11
18;28;16;7;29;31
22;4;43;39;47;2
2;22;24;8;32;43
15;41;13;29;27;5
27;4;37;43;25;44
1;17;35;18;23;21
23;33;22;28;10;37
13;2;43;34;20;9
34;22;21;46;23;16
13;41;30;35;11;18
35;25;8;29;40;15
9;30;23;1;25;39
41;17;43;47;31;26
2;6;49;24;37;47
19;44;47;4;10;41
36;39;37;47;26;3
49;23;24;29;22;40
30;48;12;28;37;15
19;27;6;49;24;14
35;26;31;17;24;7
27;32;48;44;38;39
44;37;2;16;13;45
31;25;12;1;13;47
49;22;33;13;24;48
48;13;14;19;16;7
3;13;22;29;8;47
25;1;19;18;38;47
7;32;46;23;4;8
15;37;26;17;42;4
5;17;6;34;30;21
47;28;12;5;17;14
16;31;40;11;30;35
10;13;8;27;12;33
22;18;6;2;17;33
4;14;15;36;20;5
47;28;31;29;11;18
15;22;40;42;47;27
46;41;3;7;27;11
48;2;35;7;28;6
29;9;22;41;13;25
35;32;30;48;34;3
38;44;4;27;41;15
3;12;22;24;30;8
43;40;21;35;11;39
28;38;10;12;43;24
16;8;29;25;39;4
17;2;18;48;19;13
24;25;39;3;18;41
46;14;19;26;7;9
8;30;33;14;37;13
24;37;32;31;16;19
23;4;17;9;47;33
13;20;10;36;9;32
35;9;40;15;16;18
9;19;5;44;4;7
22;8;20;42;4;36
16;21;7;32;26;10
7;27;43;24;12;3
43;48;5;33;35;25
37;30;49;13;38;8
41;20;19;48;28;40
29;16;30;41;10;28
24;32;11;21;5;39
5;7;8;13;43;6
19;49;7;2;1;21
34;14;18;40;37;38
29;14;40;26;15;27
25;26;34;23;28;4
16;12;27;49;28;22
48;35;29;46;36;7
27;31;10;47;14;3
44;14;38;48;41;30
16;21;38;28;4;31
46;36;12;25;10;15
39;2;29;38;10;14
1;14;43;21;36;39
24;33;41;8;26;40
9;7;40;42;22;48
8;33;19;47;4;38
1;35;2;8;44;4
25;5;24;32;43;14
6;9;23;28;26;21
25;5;36;6;2;20
11;45;19;40;5;36
25;6;7;45;49;1
35;26;27;18;40;36
4;46;37;6;9;14
34;9;49;26;17;10
24;42;15;9;46;19
46;16;13;40;19;23
42;3;30;33;28;19
5;44;13;39;9;40
10;41;45;44;30;39
15;22;38;40;16;28
11;24;25;29;1;32
39;45;17;31;8;15
16;13;45;9;31;38
1;3;33;18;8;40
40;15;35;21;36;39
25;6;12;14;3;30
41;35;37;39;23;7
6;39;45;9;48;11
10;8;1;33;40;18
18;16;45;27;5;36
41;39;17;11;42;46
24;1;17;47;33;44
41;40;34;16;23;25
5;27;47;37;16;40
42;22;8;15;31;24
17;33;30;43;39;15
5;15;28;23;4;6
44;5;36;13;35;20
17;49;33;5;46;14
12;46;2;45;18;34
39;37;34;40;43;27
4;29;38;18;33;35
8;41;7;37;36;42
46;44;2;21;32;35
22;14;19;39;28;12
23;38;1;2;12;9
13;15;14;36;1;27
39;5;43;37;44;6
9;19;39;27;8;22
41;34;21;23;22;15
23;28;31;27;36;44
33;41;13;38;42;48
48;3;49;7;10;6
23;5;13;14;47;29
35;6;17;31;42;25
40;20;8;2;21;48
15;19;48;18;33;5
28;32;48;1;37;46
23;45;36;31;29;39
38;28;32;27;20;24
28;4;1;18;2;20
27;21;48;2;19;44
41;27;42;48;44;2
2;9;44;36;33;39
24;18;5;40;36;33
33;32;10;27;39;7
8;46;9;39;29;5
19;5;16;44;39;27
48;39;10;43;38;1
20;4;22;45;11;26
32;25;33;43;2;31
42;23;19;33;34;48
44;27;16;34;46;47
49;7;34;3;40;30
13;33;10;34;38;19
26;36;22;6;42;37
30;44;20;29;10;49
14;26;17;34;4;29
13;12;33;34;40;49
11;30;9;19;24;43
44;39;46;5;27;22
31;3;39;41;46;30
11;25;41;34;16;8
35;21;12;1;39;36
15;45;37;24;12;32
16;12;30;8;35;42
6;44;34;30;25;31
39;31;14;36;11;21
5;48;42;40;27;47
39;5;23;27;15;42
32;49;25;44;20;48
28;12;5;47;2;20
36;8;49;2;18;12
13;28;2;40;5;14
44;25;39;24;7;19
39;49;16;21;7;6
17;36;12;7;22;32
37;46;28;27;13;45
19;13;46;23;29;25
5;33;36;35;41;24
47;32;39;6;12;37
12;37;30;6;38;17
5;47;48;27;2;16
23;10;21;47;45;40
7;5;34;10;27;45
33;38;11;26;29;19
38;39;2;19;24;33
16;35;7;18;8;40
25;15;33;4;39;43
20;40;47;49;34;26
25;41;3;1;9;38
46;29;22;23;41;42
23;20;33;37;1;25
35;25;43;32;16;10
26;34;12;18;48;30
10;27;38;4;39;15
26;32;27;21;15;13
16;49;6;47;20;19
10;26;4;14;21;8
4;9;26;31;10;47
41;4;12;37;27;40
31;34;25;11;22;44
24;39;21;26;7;46
29;18;39;36;5;37
21;45;19;37;27;31
23;42;1;36;49;4
46;40;37;19;15;39
37;2;16;4;6;18
35;40;6;25;43;19
12;47;31;18;33;46
29;44;7;25;3;20
16;14;30;33;12;20
7;13;11;44;38;31
26;19;1;27;49;11
1;17;15;45;28;24
26;42;37;35;8;20
14;2;20;11;3;46
28;41;30;10;14;22
49;25;39;17;27;37
26;9;25;20;4;27
19;13;33;35;12;4
37;46;42;19;30;16
12;20;2;14;17;8
48;35;37;7;16;42
35;1;31;11;25;3
33;38;11;44;26;24
10;25;21;23;9;33
4;17;35;20;41;22
12;3;40;42;7;37
23;28;33;14;8;46
20;36;8;29;41;10
34;49;48;40;8;44
26;35;40;15;41;33
19;29;17;24;44;26
9;7;28;37;13;15
44;42;43;4;31;24
21;19;15;16;47;5
32;40;29;10;35;46
7;41;45;21;12;39
20;43;2;8;33;23
35;31;36;4;47;48
39;27;15;41;25;43
28;20;15;34;49;11
5;17;12;49;25;31
13;9;20;29;15;32
28;35;5;42;20;14
38;29;25;40;31;27
48;6;24;38;46;45
13;23;7;26;31;25
21;1;33;5;12;13
7;11;8;6;14;39
32;12;24;47;4;22
23;17;29;20;19;1
31;29;34;27;32;19
40;6;9;25;20;2
1;41;23;9;5;35
16;49;44;37;1;47
7;17;22;2;9;29
35;13;16;11;43;1
21;35;3;31;1;38
29;19;14;49;18;37
42;40;3;33;37;5
42;37;23;2;39;49
41;5;16;35;4;15
23;25;4;17;7;47
36;47;40;7;10;17
44;46;31;6;1;16
3;14;13;41;49;43
26;17;25;29;5;42
34;12;27;5;44;37
25;15;4;32;9;31
26;13;38;10;45;43
27;24;46;31;43;26
30;35;25;33;48;41
5;40;23;48;16;27
23;43;41;14;32;45
26;48;27;34;44;2
4;5;3;16;6;34
19;44;6;37;41;34
5;19;7;30;1;22
9;14;27;7;13;40
32;49;29;28;4;14
7;43;38;32;12;13
13;17;40;7;24;46
9;12;4;5;36;35
48;18;37;24;6;13
11;14;45;38;49;30
35;18;12;29;43;1
37;9;43;44;28;24
16;8;36;24;18;44
11;33;38;17;31;28
48;12;25;20;29;23
16;42;5;45;15;37
19;3;16;31;46;42
46;3;21;41;22;31
33;18;31;7;11;24
49;3;21;29;2;38
15;48;28;35;5;1
17;24;28;25;23;34
3;6;23;32;8;47
29;12;6;38;48;25
7;42;31;4;37;21
32;20;31;26;25;29
32;6;15;34;46;14
12;33;37;27;3;2
41;6;44;49;33;35
35;45;23;21;38;28
38;23;11;20;4;35
13;48;23;45;39;46
11;43;38;28;9;40
30;9;43;32;45;15
41;18;19;5;12;3
22;34;30;7;25;46
16;41;18;44;31;2
20;2;8;23;41;21
48;35;13;41;22;23
34;16;32;42;27;23
47;42;48;28;37;22
37;17;2;27;19;21
2;4;12;49;3;38
11;3;42;15;29;41
26;40;22;23;32;44
43;16;14;37;3;17
27;14;21;18;36;49
16;15;39;36;3;44
5;20;6;9;43;24
38;45;42;43;49;11
42;28;16;34;49;26
3;16;10;11;12;42
12;49;7;41;45;35
4;23;30;27;13;22
37;10;39;1;21;5
12;1;25;5;44;41
35;45;29;19;10;47
22;45;4;43;19;29
23;11;21;10;31;29
4;49;38;8;26;36
40;24;17;13;45;29
19;7;30;12;3;16
1;46;29;25;7;8
36;6;19;31;37;25
2;12;26;6;25;14
23;38;2;36;25;19
13;3;42;40;12;32
10;49;29;14;2;16
42;3;21;11;47;41
7;15;27;22;19;23
49;11;43;25;48;44
10;9;4;36;31;6
30;25;23;16;36;26
26;45;6;46;20;3
14;32;9;35;23;37
36;44;10;7;40;23
25;2;10;41;38;20
37;4;45;31;27;42
49;48;35;21;20;39
7;14;11;28;37;8
7;26;40;14;3;43
33;12;24;26;11;22
3;17;36;27;46;29
12;26;38;21;30;20
3;1;5;8;4;7
17;40;9;19;4;30
40;1;31;23;33;34
38;37;2;48;27;4
7;10;39;35;26;11
48;38;5;7;19;2
10;22;17;7;5;9
14;38;15;4;41;44
32;20;19;42;12;13
32;11;25;35;12;24
29;2;17;25;45;22
28;5;3;35;12;39
16;34;9;3;6;49
1;38;24;11;42;27
4;10;13;9;48;19
3;35;41;24;18;14
1;16;44;19;43;46
44;31;28;46;41;39
21;20;23;49;5;9
19;5;39;17;36;16
49;21;42;17;28;14
28;3;25;49;19;21
35;30;14;41;23;37
35;46;2;37;14;1
7;44;38;45;14;13
21;41;18;43;24;16
30;48;27;19;40;14
24;28;37;17;7;4
30;24;43;45;39;21
45;15;34;37;9;48
41;47;30;6;5;9
20;13;23;28;35;1
40;37;19;1;7;8
44;13;16;21;29;14
17;16;19;29;12;46
14;49;43;21;45;30
48;41;24;49;21;39
26;43;11;32;24;20
45;20;12;22;23;41
16;27;6;17;37;24
6;22;24;42;15;2
43;12;14;47;27;3
33;25;23;39;14;7
44;9;18;25;30;45
44;42;23;37;1;43
49;15;18;13;38;46
7;3;22;16;46;9
7;9;37;25;35;39
34;41;8;31;6;16
47;16;39;21;29;1
2;31;44;30;39;41
27;30;18;4;16;12
20;23;22;27;35;5
45;21;35;47;8;14
1;46;37;7;6;2
31;26;14;48;44;28
13;33;42;27;7;45
6;36;38;13;4;12
28;35;2;7;26;4
36;20;7;46;4;34
41;30;8;15;4;7
18;23;49;24;28;35
29;45;32;44;2;33
4;8;1;6;42;49
3;22;12;6;25;17
33;42;10;36;12;35
18;45;4;14;42;33
33;25;14;47;19;7
14;28;18;37;40;4
42;19;24;38;49;22
20;32;3;11;48;28
47;35;3;41;17;26
40;24;25;33;49;23
41;33;16;49;13;7
17;32;42;44;1;38
8;11;37;19;28;20
14;24;42;35;20;30
17;45;48;42;19;32
20;14;5;13;48;11
33;21;22;43;8;39
1;18;22;19;16;8
6;32;17;26;37;29
4;36;7;3;22;1
20;42;14;47;19;5
49;38;9;18;32;22
13;10;39;45;46;8
42;46;32;11;10;37
15;3;32;23;31;26
11;28;24;8;36;47
30;39;33;24;41;45
8;7;22;29;49;38
15;22;9;26;33;14
26;1;35;44;14;15
26;41;37;1;21;14
44;28;6;9;34;21
6;20;41;35;46;48
6;22;33;39;37;11
14;24;32;37;17;19
11;26;41;17;10;21
38;21;36;7;28;33
12;3;7;24;13;31
2;19;42;21;4;22
7;24;22;20;5;2
42;34;17;37;26;35
43;21;15;12;45;18
41;30;16;18;38;23
40;45;42;14;33;4
31;33;35;17;43;38
25;9;29;41;3;34
28;1;21;12;49;48
14;31;28;20;37;48
25;13;46;18;14;49
7;20;27;17;35;33
18;12;19;6;47;5
43;47;7;49;30;2
3;19;29;34;15;26
9;32;12;25;15;19
45;28;18;46;13;34
11;20;22;42;29;2
44;40;4;24;10;26
20;30;7;24;39;44
16;49;14;15;18;24
38;43;12;31;3;28
49;45;36;48;37;6
16;37;35;14;17;40
2;30;10;12;8;23
31;47;38;7;19;3
38;24;32;28;48;5
9;23;1;47;7;6
31;34;29;14;36;26
44;31;6;39;24;13
33;16;42;37;34;26
30;47;41;40;21;5
34;49;21;39;25;41
29;6;25;31;1;45
11;3;46;24;25;10
40;35;32;17;9;12
14;28;12;11;1;5
23;8;22;12;29;47
40;42;8;20;9;18
40;26;3;33;28;41
26;21;22;12;48;15
18;7;11;9;19;23
25;40;47;9;34;26
26;12;7;13;9;43
1;30;40;35;43;27
42;8;13;2;23;43
44;41;18;4;28;16
46;30;38;29;22;18
32;13;28;18;29;39
19;9;15;44;34;14
4;35;44;49;20;26
25;3;40;26;39;14
24;39;38;49;17;15
28;5;19;42;23;17
34;16;27;29;18;14
24;41;4;16;28;40
15;18;13;44;25;31
28;24;40;45;14;2
39;49;44;37;25;27
26;43;17;36;34;15
36;44;2;17;26;13
49;40;31;28;9;19
9;45;11;6;39;13
37;40;20;24;46;19
14;33;11;20;9;25
26;12;31;39;20;49
37;46;48;13;8;47
12;24;43;14;27;8
34;40;48;14;7;35
7;25;30;40;15;10
8;15;35;19;47;49
32;10;18;7;34;9
1;42;9;21;29;12
1;34;38;45;37;23
27;21;8;5;19;34
19;21;40;49;7;13
37;39;2;28;24;45
44;15;10;49;23;47
13;38;39;12;36;5
10;13;43;36;33;29
22;25;11;1;36;42
17;33;3;41;46;31
15;31;37;36;39;46
14;8;25;10;13;44
24;3;15;40;27;7
22;16;44;15;2;19
24;18;9;31;42;46
1;40;41;6;37;45
14;3;5;20;10;43
25;19;34;43;12;28
11;20;39;16;6;3
41;46;17;15;27;48
21;10;46;25;8;5
19;38;28;31;12;2
33;22;14;39;16;49
15;18;49;38;9;39
27;31;16;41;15;10
42;6;22;48;44;4
4;9;25;19;5;43
44;8;19;48;3;29
1;36;32;48;28;7
26;23;13;12;15;6
14;48;2;17;15;33
27;21;22;9;48;33
36;40;23;21;33;48
49;28;18;46;32;15
9;21;44;22;17;40
46;18;38;17;41;14
16;25;1;19;15;6
9;27;20;5;43;7
38;36;20;14;45;8
49;28;43;39;46;33
44;40;2;1;24;9
42;18;21;34;47;6
36;18;34;13;48;35
38;37;8;18;33;26
26;33;10;30;4;17
29;7;41;34;40;2
43;5;22;45;23;34
1;16;46;13;14;49
49;13;28;47;18;20
36;40;27;48;15;19
9;47;20;22;30;29
45;35;4;1;6;40
36;14;42;25;1;28
10;22;15;31;16;8
11;10;4;40;44;16
23;49;4;8;6;44
48;15;27;5;36;23
48;39;34;45;8;12
12;24;32;26;41;16
18;7;27;24;34;39
45;3;49;32;43;39
24;12;46;7;1;14
26;47;32;48;31;36
31;30;42;44;37;39
25;38;19;15;43;5
45;43;10;19;36;33
5;27;37;19;14;25
6;43;38;34;9;22
11;45;35;17;15;14
33;43;24;35;26;8
38;44;25;35;19;47
9;2;1;20;33;5
5;33;27;40;11;31
13;38;39;24;45;35
22;18;42;6;20;37
37;15;22;14;9;46
29;6;28;45;49;33
2;20;19;43;27;1
2;25;15;18;28;32
2;38;5;32;18;48
42;11;13;32;9;17
27;10;33;29;38;5
8;40;3;34;45;30
1;42;21;26;25;6
25;15;20;43;5;1
10;35;49;5;19;12
25;31;47;24;11;28
7;10;43;19;20;8
28;40;16;37;42;48
33;9;32;31;27;30
47;10;42;30;37;44
5;19;24;14;45;10
23;38;22;49;7;5
18;41;6;27;48;26
49;16;19;24;25;30
40;27;18;3;43;1
48;19;10;17;40;44
24;20;4;12;39;45
21;42;28;38;7;49
47;3;19;37;29;20
34;38;3;16;1;27
7;42;1;27;10;4
31;43;49;9;42;29
8;24;12;29;11;26
25;14;23;47;2;6
40;18;44;36;11;17
28;7;4;15;40;18
3;20;30;43;40;16
29;44;47;10;42;23
22;12;25;35;23;7
17;27;38;31;18;2
49;31;26;15;46;40
15;42;17;10;47;24
39;44;22;21;29;36
5;2;36;35;28;7
2;18;1;42;35;43
8;39;21;29;46;27
41;34;29;31;46;23
28;22;15;27;19;36
38;24;6;3;19;37
28;4;38;34;18;43
1;10;21;16;27;38
17;3;25;47;45;46
12;43;39;14;49;22
10;30;47;42;13;23
2;45;33;22;44;15
23;49;35;28;2;17
38;29;31;41;42;14
45;5;11;26;30;24
40;15;25;47;13;18
35;4;45;16;48;13
26;15;10;46;16;35
48;39;2;14;46;12
42;15;48;46;6;26
44;28;21;10;29;39
11;25;22;14;17;29
47;21;23;33;2;30
14;46;1;3;34;10
16;21;45;33;31;49
8;5;39;17;16;46
27;29;28;5;23;14
39;45;9;23;24;3
40;18;41;8;21;13
37;16;27;3;22;48
29;30;44;48;25;9
15;10;16;17;27;45
29;28;34;32;21;11
12;14;1;23;7;31
1;30;28;4;34;39
37;39;35;34;26;4
31;1;10;15;34;35
49;16;34;4;1;5
11;16;9;45;2;31
15;30;1;40;21;9
38;11;41;29;24;15
17;23;48;25;11;44
5;21;8;30;10;11
21;10;42;1;36;46
11;31;2;16;13;7
4;32;23;47;29;40
2;1;9;12;44;15
43;26;1;33;11;15
14;28;17;18;47;16
39;22;19;13;34;35
48;21;1;11;36;42
32;49;23;35;19;45
4;1;21;43;41;39
7;18;16;4;43;41
30;3;25;13;5;42
26;48;36;16;29;31
23;8;45;22;6;39
33;25;29;15;2;43
7;15;32;8;6;23
32;38;35;12;29;3
23;30;33;45;26;37
20;21;39;28;8;49
1;43;22;26;18;39
9;26;36;21;27;41
16;12;30;44;20;45
9;1;27;21;12;45
41;4;47;5;9;44
40;26;1;27;9;33
40;10;41;36;27;24
8;48;43;46;23;16
34;26;14;4;2;41
38;48;16;4;27;21
20;28;45;30;13;32
21;40;37;23;29;33
27;44;24;41;47;14
15;7;27;33;43;14
30;22;14;20;45;32
17;7;43;3;13;20
4;10;20;2;41;3
18;41;1;29;46;39
15;24;22;42;16;44
16;34;7;33;17;29
27;35;40;14;32;12
26;41;18;6;47;16
2;27;48;15;47;33
15;8;44;13;2;4
3;44;21;10;20;27
8;11;39;33;4;17
15;25;37;11;38;14
43;29;19;49;37;20
6;47;40;26;38;31
1;4;8;46;3;17
36;24;7;27;13;46
20;40;21;46;36;1
30;1;49;15;10;31
34;15;42;3;19;21
47;5;13;31;48;12
19;44;42;13;27;30
20;15;21;43;8;33
44;45;40;14;35;34
21;25;35;15;42;30
2;38;28;23;45;36
21;41;5;29;48;44
34;19;8;37;36;17
14;43;31;44;46;25
23;44;46;30;28;47
9;38;2;43;32;25
40;17;29;22;45;18
48;15;39;41;49;17
40;8;37;13;9;45
25;41;30;10;1;34
8;18;48;4;2;47
5;43;30;7;18;42
4;33;37;45;46;47
7;2;49;13;45;14
23;11;28;17;18;30
29;49;23;26;19;20
48;6;35;2;5;14
3;24;21;25;2;48
22;11;3;8;24;41
43;41;20;19;25;29
41;42;38;7;39;45
43;4;10;42;20;49
21;40;1;39;30;37
34;29;22;7;14;46
39;24;48;20;44;19
14;19;32;29;7;17
9;28;31;15;35;25
11;38;32;25;14;45
16;33;10;18;36;14
48;47;33;21;40;4
28;39;19;6;10;13
35;5;17;48;23;7
22;23;16;15;45;39
23;30;8;48;27;41
27;46;16;37;24;20
29;16;6;35;14;9
41;33;7;19;48;2
19;7;49;4;18;30
38;26;4;17;33;37
8;20;44;1;45;7
26;35;4;44;38;23
23;21;13;28;48;7
20;14;17;15;45;35
3;26;22;23;39;9
39;41;49;10;40;25
21;6;20;13;9;48
4;48;6;20;30;5
41;15;12;17;35;7
3;44;39;38;41;32
44;39;14;11;35;38
22;37;10;1;33;24
15;7;29;36;45;4
1;20;27;5;45;32
1;14;9;2;34;48
1;2;14;31;39;44
16;45;36;28;34;43
40;34;1;18;20;17
48;3;36;42;32;14
20;9;8;41;24;33
30;4;27;46;45;15
4;22;12;43;29;44
44;17;30;11;25;10
29;27;15;8;47;33
9;12;11;10;48;24
4;2;41;34;24;12
25;12;18;35;23;24
38;49;30;10;4;41
15;32;44;23;2;38
47;5;33;24;8;18
37;36;48;29;40;24
19;46;41;21;33;25
33;28;4;6;44;25
25;18;19;10;40;7
28;40;44;48;43;37
29;21;19;14;38;2
26;20;19;28;3;12
41;47;11;13;31;49
47;31;37;48;4;8
12;47;48;31;23;38
46;18;21;43;6;41
8;1;29;4;24;32
1;22;42;18;38;23
30;13;49;21;3;37
43;4;44;3;10;14
26;30;4;13;38;37
16;11;43;13;41;26
7;33;8;16;36;6
10;20;1;39;25;18
48;25;42;33;12;27
42;11;21;28;24;49
48;19;33;41;35;17
38;8;14;6;46;3
24;12;5;49;21;34
30;28;35;8;26;29
26;12;3;27;37;40
12;3;40;48;7;1
13;1;40;24;46;5
1;9;6;20;40;38
28;44;14;29;8;46
3;27;44;38;33;35
46;31;37;9;36;14
49;33;13;19;32;31
30;4;24;5;19;2
17;21;33;46;41;36
35;48;32;45;39;5
33;5;37;34;29;26
6;45;46;15;48;32
32;40;13;37;38;23
49;18;5;25;35;8
36;47;48;34;11;1
8;33;9;44;30;32
28;48;6;8;12;29
5;16;48;36;34;3
12;19;30;13;32;22
29;26;9;22;43;1
1;24;6;38;14;31
17;48;7;12;37;47
2;5;48;8;29;7
34;4;44;6;10;36
12;39;26;9;28;31
25;41;40;43;31;14
49;6;45;25;19;5
16;15;10;9;8;41
32;29;20;47;14;35
10;46;21;35;25;27
22;40;11;1;36;44
21;8;41;40;16;44
1;32;33;22;16;39
24;19;2;16;43;17
13;11;4;42;24;15
13;33;48;22;11;32
18;16;38;20;41;26
6;34;41;16;37;17
26;49;13;46;38;22
13;38;14;22;45;27
46;5;7;4;28;24
34;21;17;49;16;22
40;22;9;1;15;47
6;38;25;36;24;5
10;5;38;7;9;4
9;49;26;19;47;18
25;11;14;10;1;29
43;1;28;19;36;16
3;8;44;45;14;6
36;2;7;1;38;10
8;7;24;13;6;22
23;48;28;47;27;33
39;48;35;43;8;23
15;26;20;17;12;1
28;42;14;29;26;34
15;7;2;30;12;1
46;29;39;4;31;18
17;31;11;13;39;49
27;49;25;13;45;32
38;48;47;2;32;40
15;10;46;7;24;44
43;46;3;40;19;9
18;16;48;7;4;6
10;21;14;37;29;27
43;19;9;41;8;6
29;30;25;15;34;10
4;36;8;37;13;19
37;16;20;3;17;18
27;6;44;7;5;29
25;5;17;26;1;2
4;20;28;38;21;31
47;44;35;28;42;27
4;20;48;43;24;41
33;39;28;16;37;25
39;24;45;44;2;25
22;18;39;3;8;24
44;47;3;8;21;30
19;6;20;16;14;10
3;23;36;14;18;45
27;39;38;24;46;36
6;39;17;41;14;37
37;39;15;47;33;19
49;45;2;44;33;24
10;35;34;36;38;42
30;15;49;9;1;10
46;19;21;34;27;26
18;41;22;7;32;45
24;26;11;37;33;32
6;32;26;22;40;10
35;20;45;18;15;26
49;16;42;6;40;26
29;32;44;34;3;28
26;1;17;43;7;19
3;29;27;32;37;19
37;26;12;24;48;49
11;23;19;10;36;24
16;27;4;24;42;36
47;36;38;21;7;37
33;11;24;29;39;20
44;31;1;35;19;22
36;38;46;11;23;24
33;45;38;6;1;30
4;10;16;44;33;19
3;4;9;11;6;43
42;49;26;45;20;19
32;7;26;44;33;41
47;44;41;32;9;29
18;13;42;36;26;37
1;15;8;19;28;3
43;5;44;37;32;18
4;2;9;34;19;21
20;42;21;26;12;19
17;37;15;31;33;18
25;17;9;37;5;41
35;45;26;18;15;49
36;16;2;31;39;44
49;36;27;13;48;9
15;23;11;42;19;10
13;18;28;37;26;12
37;16;31;48;5;3
21;8;20;27;3;16
40;18;33;23;8;13
38;49;39;26;36;35
4;9;35;41;20;26
17;31;26;2;48;39
8;42;2;7;49;3
17;16;20;10;18;28
4;27;22;39;15;48
3;16;21;8;28;22
18;28;16;14;19;37
29;7;19;4;49;27
26;17;29;36;5;23
29;33;20;15;43;8
18;19;15;30;21;10
19;14;32;20;33;34
45;43;3;30;35;12
30;19;14;42;38;33
22;25;41;8;46;20
13;33;49;7;16;22
39;35;34;40;6;20
47;24;49;8;9;11
43;15;39;11;33;29
29;20;35;49;40;30
20;18;7;49;36;39
24;30;38;10;4;20
14;7;34;49;16;12
30;19;47;36;25;46
41;20;3;42;39;8
9;3;45;35;26;2
20;32;8;6;36;23
33;19;49;42;11;3
26;15;35;47;11;46
49;9;1;17;36;12
35;38;28;13;43;47
10;6;34;14;17;12
14;19;13;41;44;21
48;19;8;35;4;16
16;33;46;49;42;12
38;36;20;39;4;2
35;11;27;33;28;17
49;14;21;13;33;43
18;33;22;46;35;45
29;13;18;39;22;10
29;14;21;47;46;4
8;35;26;46;13;9
2;14;29;44;41;20
4;40;28;19;37;1
11;28;31;42;29;23
14;29;6;42;8;22
40;13;2;31;19;3
46;7;38;49;24;3
41;8;49;39;31;32
40;22;8;11;24;49
1;13;26;12;8;30
44;49;31;37;2;46
19;30;39;22;44;14
2;30;35;43;6;49
32;26;9;35;14;42
19;10;30;3;26;24
7;38;32;30;45;6
34;44;29;17;16;39
16;33;28;46;38;14
20;5;37;39;30;27
9;22;8;24;19;15
4;26;17;35;16;11
47;12;6;17;2;15
14;24;41;18;28;44
48;24;36;22;49;7
48;34;35;5;42;39
38;4;45;36;29;32
8;47;49;29;24;9
21;13;14;38;41;49
41;15;2;11;7;8
18;29;5;44;42;23
38;17;6;15;29;21
11;24;12;13;42;22
15;40;5;38;8;42
18;23;20;15;5;9
9;25;20;40;18;10
48;32;39;40;35;38
1;41;30;48;18;8
27;33;36;19;15;7
14;47;43;46;31;24
37;38;21;36;30;49
13;5;25;33;15;23
2;34;18;44;33;47
39;22;28;21;13;23
33;25;22;9;4;37
2;37;39;5;44;18
9;15;32;8;46;24
34;47;29;49;27;2
4;22;19;20;8;42
41;37;17;14;12;21
48;4;26;19;45;46
20;38;26;3;12;37
25;13;35;7;39;5
49;14;10;18;16;29
45;38;8;18;46;5
10;31;29;28;47;9
40;11;31;22;16;28
9;14;28;38;43;41
15;47;35;38;17;44
41;2;8;1;3;37
47;24;8;19;3;7
22;30;14;18;25;26
25;16;39;9;31;41
29;47;42;3;48;2
40;38;31;18;28;32
16;14;31;45;25;41
13;26;25;21;48;45
31;27;28;25;44;9
24;48;34;18;1;2
44;45;37;43;41;28
34;4;7;44;30;29
42;47;43;13;7;40
20;24;12;18;28;17
33;4;22;8;13;24
27;47;23;32;26;43
43;39;24;47;31;12
23;40;36;21;2;17
46;40;37;18;5;45
45;23;11;19;46;37
41;34;22;5;32;14
32;27;49;7;16;37
7;5;22;24;3;44
38;24;3;10;33;14
30;1;37;16;31;7
45;22;17;21;5;3
18;16;27;20;39;22
48;36;2;25;21;23
36;38;27;11;37;1
1;43;40;46;33;42
27;26;18;7;44;12
34;42;16;10;1;20
24;3;28;37;9;5
23;28;17;35;39;25
39;14;24;4;44;45
41;34;39;32;47;17
48;7;30;13;16;14
6;47;23;3;42;33
31;10;29;11;41;45
4;1;22;33;16;40
46;38;33;9;3;36
28;14;31;27;38;8
35;41;42;22;49;25
6;5;16;29;11;24
16;39;9;49;2;45
17;37;49;29;3;10
29;12;4;36;20;28
20;34;21;32;30;40
9;37;30;6;35;26
32;13;48;40;18;16
8;17;43;41;22;18
38;37;35;27;15;31
7;5;43;16;21;24
22;39;29;21;17;12
22;18;48;29;42;24
48;8;18;21;26;29
32;20;17;5;22;9
42;14;24;19;3;36
10;31;22;45;36;48
40;41;16;11;49;45
4;17;1;19;26;34
9;31;17;48;47;37
13;25;24;45;20;40
17;10;38;11;35;45
43;44;7;17;28;11
43;39;24;28;26;47
43;42;6;29;20;44
38;46;23;47;36;2
26;32;35;1;10;42
2;12;24;8;13;11
31;12;15;24;1;10
15;13;47;36;42;49
5;11;3;28;25;44
35;41;22;33;40;37
34;26;19;15;31;8
18;8;45;6;24;28
28;3;32;4;37;29
2;15;43;26;22;17
42;17;44;25;31;28
20;3;22;32;37;7
36;34;8;29;41;32
9;25;37;4;45;41
11;41;6;16;29;18
25;18;13;24;4;22
13;46;9;40;23;26
10;2;44;22;40;45
44;36;4;37;19;24
41;14;13;38;48;32
8;39;6;24;15;29
48;23;6;20;7;12
26;39;30;46;20;10
43;29;34;33;44;42
16;5;8;19;1;12
16;15;42;26;3;11
37;17;22;10;39;48
28;40;26;39;6;29
29;23;37;4;26;43
13;20;46;14;45;19
14;16;31;5;47;44
23;9;10;28;48;1
12;5;43;30;18;40
45;39;33;4;49;47
10;27;47;24;29;20
46;40;3;24;4;31
26;30;22;28;49;1
38;15;14;24;7;45
20;30;45;10;43;49
28;9;19;36;42;44
23;6;10;27;29;5
7;29;35;33;31;9
21;30;15;42;34;4
8;41;5;11;29;14
23;32;35;45;38;41
37;1;44;6;14;36
2;6;4;1;23;47
28;26;10;1;6;44
41;4;10;32;9;2
30;18;38;28;22;48
44;20;13;30;28;31
1;13;37;20;11;31
34;47;30;22;33;43
27;48;41;3;30;35
46;37;26;29;33;21
46;37;18;16;30;31
2;37;48;8;5;28
41;14;5;27;40;3
1;33;16;17;31;39
16;6;35;32;15;20
17;37;16;19;31;32
23;42;44;37;27;36
29;27;43;17;45;46
44;19;30;11;6;38
7;26;49;28;5;29
11;9;31;27;23;3
18;24;17;9;34;23
29;15;7;49;35;28
25;29;1;2;3;12
33;15;35;30;49;11
11;45;36;2;35;28
14;17;29;1;8;28
21;28;39;8;27;22
4;34;15;31;45;17
43;18;17;11;9;6
4;27;19;18;32;45
21;31;45;29;26;22
44;29;45;10;39;6
38;41;8;44;25;21
11;47;45;36;15;42
26;6;18;38;36;43
28;49;12;2;34;25
2;34;41;26;19;15
35;23;13;4;11;42
19;40;30;35;9;14
44;41;24;9;39;15
9;42;29;43;26;4
15;30;26;35;2;5
8;41;42;27;45;4
29;12;48;17;20;3
10;3;39;24;15;13
49;2;27;26;22;19
17;38;6;27;1;23
23;16;37;41;29;31
31;37;22;7;15;38
11;7;12;37;20;15
37;28;42;16;13;40
27;15;38;8;24;40
1;3;29;32;36;42
24;18;20;13;46;19
19;38;28;47;18;34
24;15;13;8;28;4
12;48;25;21;28;37
15;4;35;49;44;2
21;6;45;27;8;44
14;36;34;22;25;19
38;36;43;15;21;49
38;47;1;27;42;24
46;21;7;13;26;29
20;45;41;44;33;25
14;41;16;24;19;9
16;30;12;27;14;40
39;18;4;34;7;6
29;1;45;8;30;37
6;43;25;36;27;47
7;26;36;49;43;21
22;10;12;19;20;29
45;17;49;21;14;5
13;27;46;29;6;22
9;27;21;41;23;47
5;20;42;26;32;2
41;40;3;36;1;18
25;44;22;19;33;32
26;6;31;25;1;42
32;49;18;23;22;48
13;20;5;28;36;7
21;30;31;18;22;14
2;15;48;40;32;38
14;40;7;36;46;45
19;14;25;29;46;33
14;1;42;44;18;32
10;28;38;11;14;16
16;41;48;43;19;3
33;13;10;28;34;48
3;29;25;30;7;44
14;42;45;43;11;48
21;3;5;15;39;48
25;1;26;20;34;38
32;1;43;24;28;19
4;49;2;37;29;35
21;19;44;3;17;7
39;49;37;12;21;26
15;17;1;36;23;13
33;45;49;27;14;43
4;17;47;35;12;18
39;42;23;10;22;19
7;41;49;19;43;45
33;25;26;27;12;3
47;23;41;10;36;44
12;37;11;15;10;44
35;43;47;29;44;5
20;6;7;10;19;17
45;24;2;43;20;1
6;17;27;13;28;45
34;27;47;12;49;2
20;41;48;27;10;4
30;29;23;49;33;41
19;47;34;5;6;11
20;12;6;26;45;14
7;10;26;2;35;23
36;30;4;48;3;33
4;32;37;36;11;49
4;9;30;1;3;18
5;11;4;15;23;16
2;18;44;17;43;23
48;12;7;17;42;4
9;23;14;39;44;48
33;22;47;17;12;21
37;31;25;7;44;23
40;31;4;42;28;39
31;24;22;25;12;41
37;42;24;30;22;26
32;3;15;44;33;13
26;42;47;37;34;12
38;6;33;37;35;36
37;5;11;24;26;33
18;23;49;48;33;19
49;19;44;22;39;15
20;39;29;26;27;8
3;23;47;28;18;15
35;29;48;8;24;36
9;29;20;36;41;28
42;37;38;14;12;23
21;31;9;19;46;44
47;20;8;17;6;16
6;49;24;14;33;38
20;27;19;2;10;21
12;44;42;23;25;17
5;14;17;12;48;7
15;35;4;11;37;21
8;33;23;43;16;24
41;44;13;27;17;11
46;39;24;14;18;5
5;33;49;16;17;44
6;41;31;32;19;37
11;13;5;1;3;17
46;29;35;40;37;33
12;22;47;17;44;27
25;44;28;13;36;16
13;2;41;25;30;32
36;29;31;26;15;47
30;32;4;39;21;36
46;16;12;33;44;19
8;36;17;21;11;19
35;39;5;45;48;29
43;18;27;38;12;24
6;32;5;40;30;21
35;13;28;21;32;7
39;47;21;2;45;26
36;32;12;13;30;15
29;49;27;19;48;36
19;30;21;41;3;38
47;31;2;9;35;37
47;25;27;40;5;14
41;35;39;1;5;29
23;8;47;39;33;19
35;31;45;12;47;40
18;25;9;30;29;1
8;39;47;6;41;35
7;33;4;31;32;13
13;42;12;39;34;2
8;16;18;21;23;17
13;9;7;26;25;42
4;11;19;18;27;28
48;18;43;32;22;44
8;4;6;38;31;30
17;48;19;21;36;9
37;7;16;22;31;43
46;24;18;5;34;17
28;37;16;14;12;17
21;49;7;9;11;43
35;29;2;36;16;48
26;13;22;2;37;28
17;6;28;24;22;29
6;39;23;18;41;22
28;1;26;23;22;25
40;32;47;6;22;4
3;30;27;35;25;23
34;27;48;15;1;22
34;10;16;36;3;32
8;21;3;20;12;5
33;34;28;39;36;6
23;21;26;11;8;6
11;9;7;8;6;4
40;44;46;4;3;21
34;19;38;18;24;33
11;3;2;47;45;43
22;30;26;35;27;47
22;10;40;34;4;21
46;47;38;5;39;45
39;47;3;14;22;12
20;49;27;15;47;26
8;19;18;43;47;15
39;19;34;20;22;27
13;6;19;45;9;24
18;36;28;6;42;45
11;16;32;25;2;33
47;17;16;30;41;5
42;46;14;18;28;13
11;5;43;18;25;10
7;19;4;41;46;36
9;5;27;2;20;48
12;40;39;29;27;44
7;20;24;8;41;37
32;27;47;43;6;29
42;47;15;45;14;31
49;12;35;45;25;33
16;2;35;15;48;44
4;20;7;47;38;32
34;20;16;39;10;13
35;36;6;13;20;38
35;18;44;32;11;13
16;39;31;15;34;6
11;16;18;22;17;47
9;6;28;11;48;2
34;37;7;24;15;35
21;26;15;7;48;20
32;1;41;15;17;13
20;32;45;33;36;49
12;17;21;6;34;9
25;37;48;3;31;29
22;46;40;1;36;32
6;13;48;14;22;27
45;14;6;44;31;40
6;7;13;2;20;38
20;23;10;39;7;1
8;28;22;6;43;42
12;3;41;22;35;38
42;21;8;30;36;13
10;29;19;43;30;26
29;2;40;19;48;15
49;43;14;41;7;11
20;31;26;16;6;38
13;32;33;8;43;1
36;38;39;28;11;35
37;23;13;1;46;21
29;47;13;8;5;34
26;18;33;27;45;23
12;31;38;27;33;14
29;46;41;48;19;25
3;8;2;7;32;29
8;27;32;12;46;20
24;38;39;5;14;19
3;10;45;20;46;13
25;7;4;44;24;18
48;7;11;5;6;18
40;49;28;35;21;37
45;4;31;27;7;37
25;19;42;24;23;5
41;4;18;14;35;12
33;1;15;6;4;8
34;3;23;2;36;28
12;46;43;42;1;15
38;47;1;2;6;43
19;32;4;8;6;9
4;45;11;9;34;41
5;13;43;45;28;42
7;22;30;42;49;46
5;26;37;27;41;28
26;15;10;40;27;34
44;49;14;1;4;15
39;47;19;41;20;44
40;12;48;29;28;5
31;47;42;25;3;4
16;31;17;1;10;6
22;3;1;43;6;49
17;9;7;37;39;12
2;29;47;28;40;33
6;37;3;33;29;18
8;27;21;32;18;47
21;11;43;12;42;44
12;48;49;41;22;27
44;8;21;32;35;4
44;30;42;18;13;17
44;45;47;39;7;43
10;3;40;4;17;24
4;25;18;14;10;30
15;21;18;47;42;40
34;48;9;24;14;41
7;5;15;3;11;40
24;2;48;40;1;32
22;5;13;1;12;40
11;29;28;15;17;1
46;15;44;28;17;23
19;47;16;13;35;27
18;38;16;40;39;6
31;7;3;9;25;41
4;16;3;17;48;23
1;21;27;31;44;47
49;7;15;23;24;47
23;33;44;13;16;20
40;10;12;24;7;41
6;9;2;40;17;23
42;3;49;14;22;8
14;37;9;13;6;29
40;25;49;37;39;42
24;3;29;33;11;31
27;21;38;37;25;30
48;33;21;39;27;22
12;36;1;23;30;34
28;38;15;10;43;45
13;21;36;12;29;6
23;11;1;7;8;13
23;14;49;9;41;38
2;37;32;20;10;30
36;8;10;43;11;15
37;25;9;5;48;45
17;38;33;43;19;23
22;19;30;4;6;42
32;30;35;16;13;28
31;11;24;3;16;29
43;16;36;34;2;27
2;39;38;29;13;16
15;44;5;29;37;7
44;30;18;16;31;34
21;15;32;39;19;11
9;44;33;27;46;28
34;37;32;28;5;19
17;9;13;27;19;12
25;3;16;28;49;32
39;10;37;22;46;29
16;37;6;12;45;7
18;2;16;23;22;4
29;49;39;45;22;12
11;47;31;46;15;3
10;34;46;48;45;22
49;25;22;4;37;32
1;3;31;27;35;13
1;28;29;25;19;21
32;47;7;24;34;48
30;8;37;1;41;14
16;30;28;7;43;19
38;6;45;9;37;41
30;43;2;5;33;38
9;38;7;20;23;24
45;39;38;35;40;16
49;39;7;3;16;26
49;48;7;18;14;20
45;28;43;30;1;7
33;37;7;6;44;23
33;2;16;12;7;24
7;10;17;41;38;45
34;45;40;24;48;18
7;19;21;13;29;36
44;20;16;6;48;17
33;22;25;31;39;1
5;37;46;40;22;47
37;43;39;13;31;20
3;19;29;30;6;49
35;27;17;16;42;40
41;29;32;42;25;15
38;31;34;20;27;14
1;33;12;16;40;13
14;17;29;28;47;11
9;15;40;22;8;36
22;46;49;18;8;17
38;13;18;39;7;15
41;33;47;36;34;38
46;19;14;45;29;44
19;4;33;22;48;18
24;15;29;18;44;37
18;48;38;43;13;42
9;8;11;28;33;1
33;8;10;49;41;22
6;34;18;4;12;25
48;42;34;26;20;28
37;1;45;44;21;12
31;40;15;8;22;39
44;1;18;13;36;8
24;12;22;18;49;17
31;43;26;17;15;47
19;48;9;8;2;11
12;1;3;32;15;2
12;49;24;10;27;19
28;44;42;8;3;6
22;43;33;37;42;39
12;7;2;15;27;49
1;9;6;49;12;7
36;38;28;17;16;35
41;44;4;30;9;28
17;1;27;47;21;2
34;47;48;20;25;37
45;41;22;46;21;6
47;31;4;28;20;15
4;26;27;21;42;23
27;8;19;7;3;40
21;18;33;1;22;49
27;31;21;34;47;38
23;13;27;40;22;6
22;19;38;1;36;7
36;17;34;23;7;35
12;16;45;9;2;41
40;33;5;21;47;22
37;6;29;46;2;28
16;23;1;40;38;21
14;47;13;44;41;34
43;39;31;25;47;27
9;39;1;35;48;13
17;2;48;4;34;30
4;37;39;24;29;30
41;17;26;30;16;44
22;17;25;13;39;28
3;13;17;27;11;46
47;3;25;23;24;33
32;6;18;28;1;25
43;17;45;38;13;35
20;14;6;7;4;39
24;30;32;17;20;18
1;47;38;4;9;3
31;10;3;24;22;9
11;24;19;49;2;34
35;49;9;29;12;5
5;22;33;19;3;1
31;48;44;39;4;33
7;46;5;41;45;31
1;19;8;15;9;43
41;9;29;2;5;10
9;12;38;5;47;11
28;6;24;32;39;30
18;14;6;2;16;15
41;18;8;43;13;2
9;8;23;2;1;30
3;20;17;37;6;25
41;19;11;28;15;23
7;48;35;40;32;17
44;37;43;4;9;29
18;27;7;33;14;3
37;20;47;13;31;9
11;32;19;6;38;30
18;22;21;39;15;26
27;11;25;21;22;32
43;34;6;26;15;21
28;40;7;43;32;38
27;6;41;42;48;26
15;11;31;18;4;42
8;33;42;32;41;6
48;47;17;46;12;32
33;16;46;4;40;34
5;48;26;29;11;17
48;1;5;36;7;25
7;37;13;26;41;14
9;32;24;38;31;12
38;26;5;28;34;12
7;31;37;42;26;39
31;1;34;17;28;16
32;35;13;5;8;19
17;20;9;6;11;8
36;47;2;17;6;33
15;12;39;14;8;6
33;26;21;22;8;27
46;34;43;4;5;32
1;7;28;3;46;44
37;44;48;29;1;33
2;17;35;32;30;18
30;26;39;44;34;1
16;26;3;44;18;41
35;38;11;10;22;4
32;44;7;4;20;1
6;20;37;16;19;7
22;48;32;44;43;14
4;49;31;21;42;26
18;36;49;26;25;41
14;40;22;43;30;8
31;48;30;36;19;6
40;43;4;37;33;42
30;43;29;10;27;42
45;3;29;34;14;1
18;30;27;10;9;29
21;49;19;15;7;48
46;8;29;40;31;2
24;39;2;21;27;47
12;14;31;33;9;20
31;17;11;35;27;30
25;24;45;14;38;49
33;8;22;14;34;29
2;5;13;43;47;44
11;10;30;29;3;40
12;5;23;3;9;22
40;10;20;15;4;45
20;45;12;28;27;25
21;35;42;3;2;18
16;4;31;3;32;29
24;2;34;36;25;27
16;20;24;38;31;10
12;25;37;35;41;45
14;33;18;39;17;48
9;27;4;28;7;43
34;23;3;27;29;49
31;38;27;30;17;3
20;46;21;2;43;25
29;3;49;46;25;34
37;20;16;47;36;1
1;18;22;11;37;29
1;37;25;10;15;20
21;47;36;3;43;30
23;36;18;12;33;15
25;36;6;15;2;5
43;44;35;30;14;26
7;48;4;39;23;27
34;40;13;39;43;37
29;4;21;14;9;45
11;30;36;41;13;24
21;28;12;16;37;30
21;5;37;36;38;40
6;5;14;4;48;39
24;44;16;36;8;35
27;17;36;6;32;38
15;41;4;1;3;25
25;22;26;39;44;37
10;32;21;4;14;23
47;16;44;8;5;10
25;30;36;12;48;2
43;44;9;21;5;16
25;11;2;37;14;10
32;8;28;49;21;16
42;40;35;36;41;2
47;21;16;26;17;2
4;39;44;31;18;15
44;41;28;34;32;26
10;48;19;23;28;47
4;2;16;5;37;45
15;30;11;10;23;21
35;45;18;28;37;15
45;2;10;4;31;44
10;39;15;30;35;4
49;7;18;20;2;5
47;6;1;45;2;26
31;40;16;14;7;32
28;5;17;21;26;29
31;6;24;21;13;7
36;45;42;8;41;26
44;19;47;21;45;6
36;15;18;2;30;26
2;13;46;47;7;18
29;36;35;20;32;30
26;12;42;9;16;7
35;28;9;38;8;4
36;28;26;44;29;7
37;28;2;17;49;34
6;27;36;15;32;31
32;28;3;33;40;8
30;18;10;20;42;8
43;6;47;38;26;27
47;28;13;9;23;37
2;4;11;24;3;13
45;22;24;8;7;38
48;13;23;30;19;44
16;45;18;32;48;17
15;41;33;44;7;19
33;35;36;32;45;3
35;46;14;27;37;4
48;24;17;3;18;15
14;10;49;6;22;44
39;44;26;37;38;45
29;30;24;25;39;2
13;39;46;41;31;40
6;7;11;35;26;16
49;35;30;18;22;2
13;37;23;30;16;25
29;35;22;13;8;10
43;29;35;24;39;45
11;9;3;41;49;8
39;18;30;28;22;35
5;45;40;30;2;34
29;45;18;27;24;35
49;45;3;11;32;37
13;27;12;23;39;14
12;32;46;44;18;49
29;44;36;15;4;3
44;45;10;11;23;34
14;13;2;39;28;48
31;37;16;1;23;4
8;24;31;32;6;34
37;46;12;11;36;2
49;44;34;32;30;1
5;31;3;35;23;39
47;28;39;21;15;23
1;13;24;6;36;25
26;38;23;39;42;18
23;25;3;32;38;39
4;45;46;25;14;26
32;46;10;21;24;7
36;41;16;42;21;43
13;47;12;7;46;21
25;46;35;10;24;6
44;13;10;34;3;42
37;20;4;26;19;17
39;32;23;43;16;11
33;47;12;15;41;11
2;39;22;12;26;37
47;29;11;26;41;15
38;28;36;42;33;26
22;48;27;36;40;35
43;13;38;39;35;6
30;37;46;41;14;40
31;8;28;12;3;7
5;19;47;27;25;42
16;2;14;11;37;25
26;40;11;47;9;4
32;25;13;28;48;29
39;19;26;15;9;1
45;2;15;9;34;13
18;1;8;42;30;9
30;49;22;40;9;14
2;16;37;49;36;17
45;28;1;41;24;8
40;26;42;27;9;20
28;32;18;44;13;19
49;28;42;22;18;15
24;27;26;12;35;7
19;3;17;7;29;49
34;1;19;17;26;9
11;24;13;35;31;28
34;46;14;29;43;1
31;39;19;20;4;2
41;44;30;46;24;12
31;44;18;23;36;37
22;26;33;48;17;43
30;1;21;15;6;14
30;29;3;49;33;48
30;12;14;9;36;10
41;3;13;27;10;16
6;35;20;26;7;41
31;23;49;2;18;25
39;41;34;38;49;15
5;44;14;42;12;16
41;1;13;38;37;39
22;33;13;30;37;44
41;32;1;37;24;17
44;13;31;18;45;49
17;9;34;47;40;19
45;25;16;12;29;35
48;46;20;23;38;29
15;46;31;30;34;16
43;22;2;14;24;47
8;30;17;7;46;48
48;3;47;17;38;15
42;6;12;2;39;1
4;40;11;6;19;14
15;36;10;38;26;9
35;9;20;27;21;4
23;24;16;47;11;29
2;4;29;6;37;26
20;24;6;39;28;8
1;14;40;23;37;16
24;21;43;15;44;3
40;28;46;31;33;12
4;36;25;9;5;27
26;33;13;31;19;1
33;1;28;21;39;31
6;45;4;43;32;18
9;27;3;33;37;11
21;37;35;45;11;25
43;41;10;22;3;2
43;10;33;47;11;24
3;29;24;13;34;32
41;22;14;31;6;12
21;3;43;2;49;14
34;8;16;15;46;3
17;37;11;38;34;24
2;49;18;41;21;14
21;11;8;38;25;16
6;44;41;15;5;36
18;15;13;29;20;30
14;22;32;15;13;7
16;37;36;17;4;27
36;28;7;21;3;34
24;31;9;13;17;27
44;26;40;43;37;11
20;43;27;26;32;6
39;7;47;14;37;38
38;32;35;45;2;15
42;3;49;26;22;43
15;44;34;7;18;8
40;35;43;25;34;21
6;27;32;1;38;40
42;8;43;46;1;4
27;16;8;14;7;46
37;9;39;36;15;6
8;22;19;7;48;25
12;43;41;10;40;24
13;35;15;7;34;1
49;33;38;24;19;23
40;11;46;26;43;16
8;32;7;35;19;49
19;2;28;5;9;13
4;18;11;31;30;25
26;9;13;37;10;38
35;48;25;42;43;21
38;39;17;2;45;14
16;33;44;29;10;14
8;13;18;39;11;5
39;41;42;5;29;12
20;33;25;18;32;16
33;29;43;32;12;22
42;8;20;7;41;48
41;36;32;21;20;31
3;32;43;11;12;20
24;25;28;47;40;7
1;6;46;23;32;5
18;25;21;42;6;2
42;40;10;2;26;35
38;27;45;31;12;39
39;36;46;12;20;10
48;4;43;37;20;38
21;40;35;15;3;42
48;24;14;9;12;21
15;39;29;26;43;4
33;37;1;8;11;27
46;42;31;1;43;19
13;8;3;15;4;33
8;42;5;38;7;31
29;41;2;36;8;20
13;38;48;41;39;15
16;29;3;27;43;41
24;37;9;38;20;39
15;1;22;3;13;40
43;25;19;10;1;24
17;9;27;11;30;41
2;26;19;49;46;10
16;1;19;39;18;10
35;26;6;40;46;48
46;6;17;35;44;29
27;11;3;24;28;10
15;24;12;7;20;21
4;45;39;35;40;28
40;42;2;25;31;7
13;20;44;21;12;33
46;21;22;42;9;41
44;48;37;6;49;23
27;15;32;33;37;23
22;12;9;20;27;2
9;33;15;40;27;24
25;20;45;12;15;35
21;4;49;13;8;29
6;36;14;2;4;8
40;39;6;44;42;33
37;26;24;9;17;28
49;31;14;39;35;4
34;28;8;33;38;18
6;2;44;35;16;32
34;36;15;14;45;44
7;14;33;2;43;40
19;46;49;33;48;11
37;30;31;10;3;17
10;44;49;35;1;26
6;28;32;35;44;39
17;12;7;22;38;31
48;41;25;39;26;22
34;26;2;28;17;33
28;30;34;35;44;39
22;34;21;18;11;19
9;11;5;27;19;20
14;42;28;24;2;23
6;9;11;3;33;17
10;34;7;4;3;17
33;1;13;17;30;16
27;40;30;41;31;10
26;48;45;5;40;31
23;24;17;4;29;27
23;39;16;29;8;11
43;3;23;47;49;32
44;45;41;18;4;49
1;32;8;20;17;47
46;27;20;7;38;8
18;43;3;15;40;16
34;45;23;6;43;31
23;22;33;15;42;10
12;8;32;13;44;34
22;9;5;39;1;7
17;49;42;18;26;15
5;28;38;14;12;10
33;7;23;47;24;1
15;22;19;45;6;44
27;12;42;24;6;32
14;30;26;3;11;34
8;21;26;16;44;15
44;18;48;6;7;9
48;16;27;26;10;22
7;14;37;47;46;19
40;48;26;34;11;4
30;8;20;35;40;14
26;11;4;14;7;39
29;45;36;41;11;8
13;29;35;24;49;41
5;26;22;29;17;28
32;5;44;8;10;48
2;43;5;30;39;4
38;25;30;1;28;22
15;29;41;32;21;20
8;37;38;15;3;28
14;37;24;35;6;49
7;28;33;10;35;43
18;6;9;23;7;36
32;9;46;16;37;29
3;11;16;14;12;33
15;38;28;33;35;18
2;28;4;21;3;35
23;8;21;39;4;24
40;32;1;21;28;48
5;12;49;47;30;40
3;12;29;38;7;48
11;14;26;1;10;13
39;48;46;31;4;15
38;30;3;32;23;31
3;48;22;12;23;1
31;8;49;20;35;9
16;30;12;24;14;31
46;15;38;25;6;28
23;42;3;25;6;21
37;1;40;27;44;3
48;47;23;36;4;30
39;44;26;4;12;31
48;26;10;12;33;37
4;5;17;11;47;13
1;37;6;25;24;22
46;36;29;35;2;7
25;37;33;19;45;9
11;17;14;13;7;37
36;44;3;7;11;9
28;44;19;30;4;21
21;44;40;28;20;42
46;8;14;6;9;44
40;5;18;49;7;38
20;30;8;10;34;23
18;42;39;3;9;40
35;27;39;48;34;10
23;26;42;24;31;5
47;5;34;46;17;12
1;41;9;11;46;10
10;20;4;12;16;18
48;22;25;30;42;35
45;26;10;47;34;14
6;28;30;19;15;47
39;18;42;43;48;2
8;30;24;47;2;20
40;12;44;27;6;28
35;32;46;10;40;7
32;31;49;6;21;9
1;44;39;3;27;5
13;34;43;48;40;8
4;7;30;29;43;36
37;18;22;45;19;29
29;9;36;33;3;16
47;36;8;39;21;24
20;8;26;9;15;6
43;31;46;48;34;29
46;20;15;2;22;27
3;14;47;1;34;27
17;44;14;19;21;12
35;17;1;22;38;16
14;21;36;32;12;5
7;37;6;23;26;41
3;41;37;39;43;38
48;11;46;18;25;13
43;42;22;40;2;29
27;30;25;42;23;40
13;20;45;46;39;25
42;39;36;12;27;10
5;48;40;14;43;42
43;4;12;14;24;21
6;17;2;3;11;38
6;33;20;18;44;19
3;21;22;24;41;29
9;21;13;5;40;18
13;39;45;10;19;41
5;36;13;39;33;16
12;41;9;47;3;39
23;10;1;4;13;5
37;15;38;14;49;26
7;42;46;47;21;3
40;32;1;30;9;15
7;16;41;36;33;15
24;45;32;49;34;43
34;11;32;41;24;1
13;46;29;42;30;12
14;7;17;5;43;38
2;36;7;23;24;13
37;38;12;27;1;33
13;38;4;16;9;49
38;34;25;8;45;28
20;46;1;33;26;14
45;42;16;35;30;13
34;25;9;46;6;39
26;17;20;10;16;8
5;13;36;11;41;26
38;33;11;12;42;29
43;49;21;26;12;24
6;15;8;26;41;19
47;20;8;26;2;43
1;41;38;26;12;7
6;1;31;45;21;24
49;4;10;13;6;3
13;27;41;49;38;2
13;35;42;16;12;24
16;41;28;46;14;49
38;8;16;7;34;11
35;42;32;25;6;12
47;33;34;42;13;26
17;31;16;38;26;41
10;47;46;26;23;38
28;1;49;5;47;42
11;4;43;41;13;18
31;30;12;5;41;33
13;6;31;30;19;49
6;2;16;17;14;31
8;33;19;7;35;26
6;13;14;12;41;3
13;8;48;49;30;31
7;41;40;2;17;46
33;12;47;3;43;23
9;21;17;31;12;13
42;22;24;25;23;7
22;29;6;13;42;47
17;38;37;32;5;30
21;38;44;22;13;14
23;8;24;25;9;41
31;7;27;28;33;10
19;29;10;15;3;17
4;13;39;11;1;10
31;43;6;7;18;24
9;36;22;19;13;41
2;22;41;4;5;7
19;47;26;40;8;1
49;33;23;41;15;44
21;28;43;46;7;14
31;26;2;17;11;45
42;23;5;18;21;49
2;27;49;30;9;12
38;47;49;46;33;34
45;35;14;7;21;30
24;29;6;1;5;14
37;26;13;25;23;19
23;2;41;30;9;4
47;14;38;48;45;49
33;48;47;44;13;49
30;7;19;1;33;32
20;31;37;46;4;36
46;15;10;21;4;1
10;7;38;46;16;23
18;29;20;5;11;13
29;43;39;49;4;19
37;38;41;14;36;39
49;6;10;35;17;34
28;9;27;39;15;46
25;18;22;20;2;6
43;19;35;2;6;48
40;11;35;43;41;7
36;48;29;18;11;7
45;27;41;22;11;16
46;49;47;7;21;33
31;30;11;49;17;15
4;5;10;36;22;30
40;33;18;29;25;22
15;21;24;29;41;46
32;6;49;13;5;26
24;38;43;17;4;35
29;34;4;13;5;18
4;7;26;38;23;28
45;29;36;41;30;26
25;42;32;27;20;36
34;46;22;17;45;9
21;17;29;9;35;33
6;25;42;49;28;1
32;14;39;25;22;24
4;49;5;7;8;29
43;47;36;3;49;45
25;18;8;21;26;14
27;31;35;9;18;32
43;21;9;25;46;36
33;13;15;26;42;30
7;27;20;40;3;46
44;1;3;9;21;47
7;40;4;26;38;2
10;2;44;49;29;34
6;19;42;4;12;28
1;12;42;7;31;25
18;47;31;30;10;35
38;33;39;47;13;11
5;21;27;1;2;19
27;44;21;28;49;30
7;40;32;16;11;28
37;10;14;16;6;8
20;10;27;49;36;6
30;40;16;19;24;37
8;17;13;49;16;4
19;39;43;18;4;15
34;35;29;5;9;43
9;5;20;24;4;16
45;31;1;11;25;32
25;42;3;7;26;14
6;34;19;35;49;36
27;19;23;44;36;11
20;25;17;2;13;5
32;30;35;36;39;14
24;40;37;34;44;18
41;7;33;36;9;22
36;39;26;40;47;34
5;45;26;35;9;2
49;30;12;25;34;2
45;8;14;44;49;24
1;30;16;2;15;4
8;10;13;19;43;48
26;20;1;12;39;18
12;41;21;13;47;42
28;46;25;21;27;9
43;17;3;5;23;16
20;10;3;39;13;40
22;14;26;35;46;27
40;12;9;2;37;1
14;23;12;37;18;10
35;33;15;46;42;38
29;3;7;10;5;15
36;14;42;31;47;21
17;18;19;20;24;36
2;9;22;38;41;45
24;8;37;48;18;16
45;5;30;34;7;17
46;42;16;47;36;18
35;49;14;8;9;33
13;16;18;29;32;20
47;45;2;6;43;30
40;28;26;29;9;11
5;20;28;42;14;44
14;13;24;28;1;15
35;34;30;41;21;20
22;43;18;23;16;7
39;11;38;23;24;36
44;12;10;48;14;4
2;4;5;46;48;49
